security,regime,signal_kmeans,score_x,model_x,score_y,signal_classifier,model_y,transformer_avg_score,transformer_last_score,buy_ratio,sell_ratio,hold_ratio,total_signals,transformer_momentum,signal_transformer,final_signal
BUKI.N0000,🚀 Retail Momentum,HOLD,,kmeans,0.1137347861456887,SELL,classifier,0.3486355323167074,0.3470280468463897,0.0476190476190476,0.2619047619047619,0.6904761904761905,42,Neutral,HOLD,⚖️ HOLD
LDEV.N0000,🚀 Retail Momentum,HOLD,,kmeans,0.2120826467891678,SELL,classifier,0.3415006564723121,0.3287752866744995,0.037037037037037,0.5,0.4629629629629629,54,Neutral,HOLD,⚖️ HOLD
LVEN.N0000,🚀 Retail Momentum,HOLD,,kmeans,0.2601094340804548,SELL,classifier,0.3542444120954584,0.3719498217105865,0.1851851851851851,0.2592592592592592,0.5555555555555556,54,Neutral,HOLD,⚖️ HOLD
AGPL.N0000,🚀 Retail Momentum,HOLD,,kmeans,0.1768392759219833,SELL,classifier,0.3442589016455524,0.3287378549575805,0.0754716981132075,0.3018867924528302,0.6226415094339622,53,Neutral,HOLD,⚖️ HOLD
AMSL.N0000,🚀 Retail Momentum,HOLD,,kmeans,0.1961609158641375,SELL,classifier,0.367616593837738,0.3753781318664551,0.2608695652173913,0.0,0.7391304347826086,46,Neutral,HOLD,⚖️ HOLD
NEH.N0000,🚀 Retail Momentum,HOLD,,kmeans,0.1479162335506139,SELL,classifier,0.3505038606083911,0.3460854291915893,0.0869565217391304,0.2608695652173913,0.6521739130434783,23,Neutral,HOLD,⚖️ HOLD
CALF.N0000,🚀 Retail Momentum,HOLD,,kmeans,0.1516113173612762,SELL,classifier,0.3553247001436022,0.3245361745357513,0.0444444444444444,0.1555555555555555,0.8,45,Neutral,HOLD,⚖️ HOLD
MGT.N0000,🚀 Retail Momentum,HOLD,,kmeans,0.183744708090551,SELL,classifier,0.3387634003984517,0.3094052970409393,0.0344827586206896,0.396551724137931,0.5689655172413793,58,Neutral,HOLD,⚖️ HOLD
SOY.N0000,🚀 Retail Momentum,HOLD,,kmeans,0.1031888620337667,SELL,classifier,0.3499755475081895,0.3195944726467132,0.1052631578947368,0.2894736842105263,0.6052631578947368,38,Neutral,HOLD,⚖️ HOLD
RHTL.N0000,🚀 Retail Momentum,HOLD,,kmeans,0.3659942562179771,SELL,classifier,0.3700695541642961,0.3769960403442383,0.2142857142857142,0.0,0.7857142857142857,42,Neutral,HOLD,⚖️ HOLD
ATL.N0000,🚀 Retail Momentum,HOLD,,kmeans,0.3327691375761735,SELL,classifier,0.3511216290868245,0.3081048429012298,0.1346153846153846,0.25,0.6153846153846154,52,Neutral,HOLD,⚖️ HOLD
CIND.N0000,🚀 Retail Momentum,HOLD,,kmeans,0.2907065009588834,SELL,classifier,0.3554883592802545,0.3434157967567444,0.0434782608695652,0.0434782608695652,0.9130434782608696,46,Neutral,HOLD,⚖️ HOLD
CSLK.N0000,🚀 Retail Momentum,HOLD,,kmeans,0.3339564971710329,SELL,classifier,0.3425479080787925,0.321939617395401,0.0232558139534883,0.3023255813953488,0.6744186046511628,43,Neutral,HOLD,⚖️ HOLD
CWL.N0000,🚀 Retail Momentum,HOLD,,kmeans,0.3333713625479694,SELL,classifier,0.3617027857086875,0.373068630695343,0.2181818181818181,0.0,0.7818181818181819,55,Neutral,HOLD,⚖️ HOLD
LOLC.N0000,🚀 Retail Momentum,HOLD,,kmeans,0.1598467009309879,SELL,classifier,0.3375542811194404,0.0920370817184448,0.2131147540983606,0.2459016393442623,0.5409836065573771,61,Neutral,HOLD,⚖️ HOLD
LAMB.N0000,🚀 Retail Momentum,HOLD,,kmeans,0.1565968594363465,SELL,classifier,0.3645984280493952,0.3394279778003692,0.1290322580645161,0.0,0.8709677419354839,31,Neutral,HOLD,⚖️ HOLD
ODEL.N0000,🚀 Retail Momentum,HOLD,,kmeans,0.3207094393261789,SELL,classifier,0.3512003461145005,0.3261366486549377,0.1509433962264151,0.1886792452830188,0.660377358490566,53,Neutral,HOLD,⚖️ HOLD
LPL.X0000,🚀 Retail Momentum,HOLD,,kmeans,0.166999139094087,SELL,classifier,0.341294412612915,0.3471757173538208,0.0,0.26,0.74,50,Neutral,HOLD,⚖️ HOLD
COMD.N0000,🚀 Retail Momentum,HOLD,,kmeans,0.1508617114425434,SELL,classifier,0.3622545549425028,0.348158061504364,0.1525423728813559,0.0,0.847457627118644,59,Neutral,HOLD,⚖️ HOLD
LFIN.N0000,🚀 Retail Momentum,HOLD,,kmeans,0.1995617369459312,SELL,classifier,0.3199206457263039,0.2422435134649276,0.0483870967741935,0.4677419354838709,0.4838709677419355,62,Bearish,SELL,⚖️ HOLD
WAPO.N0000,🚀 Retail Momentum,HOLD,,kmeans,0.1632276833419763,SELL,classifier,0.337477093522853,0.2941059172153473,0.1063829787234042,0.1489361702127659,0.7446808510638298,47,Neutral,HOLD,⚖️ HOLD
TKYO.N0000,🚀 Retail Momentum,HOLD,,kmeans,0.1642738511787816,SELL,classifier,0.3457466596906835,0.3303672075271606,0.0,0.1454545454545454,0.8545454545454545,55,Neutral,HOLD,⚖️ HOLD
CERA.N0000,🚀 Retail Momentum,HOLD,,kmeans,0.0950458961743514,SELL,classifier,0.3570205452965527,0.315652996301651,0.0975609756097561,0.1707317073170731,0.7317073170731707,41,Neutral,HOLD,⚖️ HOLD
CTC.N0000,🚀 Retail Momentum,HOLD,,kmeans,0.4216006020516208,SELL,classifier,0.3550142938015507,0.3507137298583984,0.1568627450980392,0.1568627450980392,0.6862745098039216,51,Neutral,HOLD,⚖️ HOLD
CINV.N0000,🚀 Retail Momentum,HOLD,,kmeans,0.1367977408853864,SELL,classifier,0.3505952662000289,0.3233269155025482,0.1153846153846153,0.25,0.6346153846153846,52,Neutral,HOLD,⚖️ HOLD
MASK.N0000,🚀 Retail Momentum,HOLD,,kmeans,0.1416807517165621,SELL,classifier,0.34404545324914,0.3341460824012756,0.0,0.2978723404255319,0.7021276595744681,47,Neutral,HOLD,⚖️ HOLD
MDL.N0000,🚀 Retail Momentum,HOLD,,kmeans,0.2416614685538456,SELL,classifier,0.3611490169057139,0.3902081847190857,0.2407407407407407,0.1481481481481481,0.6111111111111112,54,Neutral,HOLD,⚖️ HOLD
JKH.N0000,🚀 Retail Momentum,HOLD,,kmeans,0.2093409971167216,SELL,classifier,0.2532974189000853,0.1291144043207168,0.0,0.9887640449438202,0.0112359550561797,89,Bearish,SELL,⚖️ HOLD
MSL.N0000,🚀 Retail Momentum,HOLD,,kmeans,0.1829980670611253,SELL,classifier,0.361789806764953,0.3713529109954834,0.0204081632653061,0.0,0.979591836734694,49,Neutral,HOLD,⚖️ HOLD
CDB.N0000,🚀 Retail Momentum,HOLD,,kmeans,0.2465515937870103,SELL,classifier,0.3431436644821632,0.3039017021656036,0.073170731707317,0.1463414634146341,0.7804878048780488,41,Neutral,HOLD,⚖️ HOLD
CFIN.N0000,🚀 Retail Momentum,HOLD,,kmeans,0.1271232845392635,SELL,classifier,0.3395443682869275,0.3851005733013153,0.0357142857142857,0.3928571428571428,0.5714285714285714,84,Neutral,HOLD,⚖️ HOLD
SEMB.X0000,🚀 Retail Momentum,HOLD,,kmeans,0.0958495964977358,SELL,classifier,0.0445262652052485,0.0456758886575698,0.0,1.0,0.0,46,Bearish,SELL,🔻 SELL
MELS.N0000,🚀 Retail Momentum,HOLD,,kmeans,0.152062283418875,SELL,classifier,0.3445654604949203,0.3697811961174011,0.0196078431372549,0.2549019607843137,0.7254901960784313,51,Neutral,HOLD,⚖️ HOLD
HASU.N0000,🚀 Retail Momentum,HOLD,,kmeans,0.2063412702572264,SELL,classifier,0.3340760755886152,0.2802834510803222,0.0776699029126213,0.5728155339805825,0.3495145631067961,103,Bearish,SELL,⚖️ HOLD
HPL.N0000,🚀 Retail Momentum,HOLD,,kmeans,0.214265686571643,SELL,classifier,0.3303559167731192,0.3387190103530884,0.0,0.5806451612903226,0.4193548387096774,62,Bearish,SELL,⚖️ HOLD
HSIG.N0000,🚀 Retail Momentum,HOLD,,kmeans,0.166408656748613,SELL,classifier,0.358779604020326,0.3611662983894348,0.108695652173913,0.0,0.8913043478260869,46,Neutral,HOLD,⚖️ HOLD
NTB.N0000,🚀 Retail Momentum,HOLD,,kmeans,0.2159706159114579,SELL,classifier,0.3309223305534672,0.3196620047092438,0.054054054054054,0.6396396396396397,0.3063063063063063,111,Bearish,SELL,⚖️ HOLD
CABO.N0000,🚀 Retail Momentum,HOLD,,kmeans,0.1183043203736106,SELL,classifier,0.3748756001393,0.3813090324401855,0.5666666666666667,0.0,0.4333333333333333,30,Bullish,BUY,⚖️ HOLD
LITE.N0000,🚀 Retail Momentum,HOLD,,kmeans,0.2347722568961151,SELL,classifier,0.3487174168229103,0.3248756527900696,0.05,0.3,0.65,40,Neutral,HOLD,⚖️ HOLD
KHL.N0000,🚀 Retail Momentum,HOLD,,kmeans,0.1463898747742205,SELL,classifier,0.2963344600537549,0.1043830960988998,0.0,0.6521739130434783,0.3478260869565217,46,Bearish,SELL,⚖️ HOLD
HOPL.N0000,🚀 Retail Momentum,HOLD,,kmeans,0.1515679899612239,SELL,classifier,0.3592031112739018,0.3338194489479065,0.1428571428571428,0.0571428571428571,0.8,35,Neutral,HOLD,⚖️ HOLD
PACK.N0000,🚀 Retail Momentum,HOLD,,kmeans,0.2678635428360605,SELL,classifier,0.3470432572769669,0.3439854979515075,0.0188679245283018,0.1132075471698113,0.8679245283018868,53,Neutral,HOLD,⚖️ HOLD
JFP.N0000,🚀 Retail Momentum,HOLD,,kmeans,0.2330655137513612,SELL,classifier,0.35395039801012,0.368376225233078,0.3333333333333333,0.087719298245614,0.5789473684210527,57,Neutral,HOLD,⚖️ HOLD
NAMU.N0000,🚀 Retail Momentum,HOLD,,kmeans,0.2049634866307808,SELL,classifier,0.3545470695603978,0.3797215223312378,0.1636363636363636,0.109090909090909,0.7272727272727273,55,Neutral,HOLD,⚖️ HOLD
HUNT.N0000,🚀 Retail Momentum,HOLD,,kmeans,0.1588599139093908,SELL,classifier,0.3674554715553919,0.3788363635540008,0.2,0.0,0.8,30,Neutral,HOLD,⚖️ HOLD
TESS.N0000,🚀 Retail Momentum,HOLD,,kmeans,0.139355470315475,SELL,classifier,0.2937294227572588,0.3067004680633545,0.0,0.5576923076923077,0.4423076923076923,52,Bearish,SELL,⚖️ HOLD
MCPL.N0000,🚀 Retail Momentum,HOLD,,kmeans,0.1711901505798307,SELL,classifier,0.3598631272713343,0.3420138657093048,0.1041666666666666,0.0625,0.8333333333333334,48,Neutral,HOLD,⚖️ HOLD
PARA.N0000,🚀 Retail Momentum,HOLD,,kmeans,0.1212039904778775,SELL,classifier,0.3594564330287096,0.3842693567276001,0.2682926829268293,0.1707317073170731,0.5609756097560976,41,Neutral,HOLD,⚖️ HOLD
TAJ.N0000,🚀 Retail Momentum,HOLD,,kmeans,0.1701577710487903,SELL,classifier,0.3524149615390628,0.3527960479259491,0.196078431372549,0.2941176470588235,0.5098039215686274,51,Neutral,HOLD,⚖️ HOLD
CDB.X0000,🛑 Panic Crash,SELL,,kmeans,0.349731642809434,SELL,classifier,0.3647860677345939,0.3613388240337372,0.0434782608695652,0.0,0.9565217391304348,46,Neutral,HOLD,🔻 SELL
CARS.N0000,🚀 Retail Momentum,HOLD,,kmeans,0.3730190104429704,SELL,classifier,0.3492228262954288,0.3523263931274414,0.0,0.2444444444444444,0.7555555555555555,45,Neutral,HOLD,⚖️ HOLD
BRWN.N0000,🚀 Retail Momentum,HOLD,,kmeans,0.1167960978414849,SELL,classifier,0.3592263770103454,0.3782956600189209,0.26,0.06,0.68,50,Neutral,HOLD,⚖️ HOLD
JINS.N0000,🚀 Retail Momentum,HOLD,,kmeans,0.1827256607825245,SELL,classifier,0.3327944452223712,0.2963795959949493,0.0273972602739726,0.2465753424657534,0.726027397260274,73,Neutral,HOLD,⚖️ HOLD
SEMB.N0000,🚀 Retail Momentum,HOLD,,kmeans,0.1525118265246548,SELL,classifier,0.0449829056602099,0.0462892949581146,0.0,1.0,0.0,58,Bearish,SELL,🔻 SELL
ALUM.N0000,🚀 Retail Momentum,HOLD,,kmeans,0.1893124422711192,SELL,classifier,0.3349852728155943,0.3134718239307403,0.0576923076923076,0.4038461538461538,0.5384615384615384,52,Neutral,HOLD,⚖️ HOLD
KCAB.N0000,🚀 Retail Momentum,HOLD,,kmeans,0.2178045811372366,SELL,classifier,0.3223598837852478,0.2434007376432418,0.06,0.22,0.72,50,Bearish,SELL,⚖️ HOLD
TKYO.X0000,🚀 Retail Momentum,HOLD,,kmeans,0.2017218261288677,SELL,classifier,0.3410498462617397,0.2033422738313675,0.0681818181818181,0.1590909090909091,0.7727272727272727,44,Neutral,HOLD,⚖️ HOLD
AGAL.N0000,🚀 Retail Momentum,HOLD,,kmeans,0.1710030015817545,SELL,classifier,0.3634643127333443,0.3490248024463653,0.2452830188679245,0.0,0.7547169811320755,53,Neutral,HOLD,⚖️ HOLD
BIL.N0000,🚀 Retail Momentum,HOLD,,kmeans,0.1359031125665165,SELL,classifier,0.0748321082442999,0.0493491552770137,0.0,1.0,0.0,50,Bearish,SELL,🔻 SELL
HPFL.N0000,🚀 Retail Momentum,HOLD,,kmeans,0.2071982172753742,SELL,classifier,0.3565569236630299,0.3751168549060821,0.2459016393442623,0.1967213114754098,0.5573770491803278,61,Neutral,HOLD,⚖️ HOLD
KGAL.N0000,🛑 Panic Crash,SELL,,kmeans,0.1392704118994585,SELL,classifier,0.3665874406348827,0.3728759288787842,0.2093023255813953,0.0232558139534883,0.7674418604651163,43,Neutral,HOLD,🔻 SELL
RCH.N0000,🛑 Panic Crash,SELL,,kmeans,0.094473814106016,SELL,classifier,0.3673859150970683,0.3701660931110382,0.2941176470588235,0.0294117647058823,0.6764705882352942,34,Neutral,HOLD,🔻 SELL
COMB.N0000,🚀 Retail Momentum,HOLD,,kmeans,0.1596450357468766,SELL,classifier,0.3149696942714471,0.1889105290174484,0.0,0.3333333333333333,0.6666666666666666,63,Bearish,SELL,⚖️ HOLD
LCEY.N0000,🚀 Retail Momentum,HOLD,,kmeans,0.4363445928328893,SELL,classifier,0.3596985285932367,0.3550363779067993,0.0227272727272727,0.0,0.9772727272727272,44,Neutral,HOLD,⚖️ HOLD
INME.N0000,🛑 Panic Crash,SELL,,kmeans,0.1606499014004114,SELL,classifier,0.3705883283872862,0.3777141273021698,0.1621621621621621,0.0,0.8378378378378378,37,Neutral,HOLD,🔻 SELL
MAL.X0000,🚀 Retail Momentum,HOLD,,kmeans,0.4364068576796133,SELL,classifier,0.3458095005580357,0.3450483381748199,0.0,0.0285714285714285,0.9714285714285714,35,Neutral,HOLD,⚖️ HOLD
DFCC.N0000,🚀 Retail Momentum,HOLD,,kmeans,0.2587270996490311,SELL,classifier,0.3360420406841841,0.3378996551036834,0.0,0.4098360655737705,0.5901639344262295,61,Neutral,HOLD,⚖️ HOLD
TJL.N0000,🚀 Retail Momentum,HOLD,,kmeans,0.1890428919586843,SELL,classifier,0.314820129311446,0.2682419121265411,0.0101010101010101,0.8787878787878788,0.1111111111111111,99,Bearish,SELL,⚖️ HOLD
SUN.N0000,🚀 Retail Momentum,HOLD,,kmeans,0.1965714187957569,SELL,classifier,0.3321937423485976,0.3045776784420013,0.0,0.4307692307692308,0.5692307692307692,65,Bearish,SELL,⚖️ HOLD
LLUB.N0000,🚀 Retail Momentum,HOLD,,kmeans,0.2474823311564205,SELL,classifier,0.3452543817136598,0.3310214281082153,0.0,0.1956521739130435,0.8043478260869565,46,Neutral,HOLD,⚖️ HOLD
JKL.N0000,🚀 Retail Momentum,HOLD,,kmeans,0.1613076277791015,SELL,classifier,0.3580170647572663,0.3709919154644012,0.3389830508474576,0.1864406779661017,0.4745762711864407,59,Neutral,HOLD,⚖️ HOLD
LGL.X0000,🛑 Panic Crash,SELL,,kmeans,0.2003159688317909,SELL,classifier,0.3679987460374832,0.3567268252372741,0.2,0.02,0.78,50,Neutral,HOLD,🔻 SELL
ACL.N0000,🚀 Retail Momentum,HOLD,,kmeans,0.2551331341906759,SELL,classifier,0.3192213800164961,0.2768982946872711,0.0161290322580645,0.5483870967741935,0.4354838709677419,62,Bearish,SELL,⚖️ HOLD
CALT.N0000,🚀 Retail Momentum,HOLD,,kmeans,0.1924408928820145,SELL,classifier,0.3290685253185138,0.3505958020687103,0.0,0.7368421052631579,0.2631578947368421,57,Bearish,SELL,⚖️ HOLD
RENU.N0000,🚀 Retail Momentum,HOLD,,kmeans,0.1601838564436261,SELL,classifier,0.3691002714390657,0.3629417717456817,0.2040816326530612,0.0,0.7959183673469388,49,Neutral,HOLD,⚖️ HOLD
SHAW.N0000,🚀 Retail Momentum,HOLD,,kmeans,0.1349683712174862,SELL,classifier,0.3428016533590343,0.3531196713447571,0.0136986301369863,0.3698630136986301,0.6164383561643836,73,Neutral,HOLD,⚖️ HOLD
ABAN.N0000,🚀 Retail Momentum,HOLD,,kmeans,0.1455929027836894,SELL,classifier,0.3657902295285083,0.3707049787044525,0.1702127659574468,0.0,0.8297872340425532,47,Neutral,HOLD,⚖️ HOLD
HAYC.N0000,🛑 Panic Crash,SELL,,kmeans,0.3501498231366852,SELL,classifier,0.3337151446125724,0.3409540355205536,0.0181818181818181,0.3454545454545454,0.6363636363636364,55,Neutral,HOLD,🔻 SELL
ASCO.N0000,🛑 Panic Crash,SELL,,kmeans,0.3120159951161492,SELL,classifier,0.3712864051694455,0.3879508972167969,0.3478260869565217,0.0,0.6521739130434783,46,Neutral,HOLD,🔻 SELL
PMB.N0000,🛑 Panic Crash,SELL,,kmeans,0.3439386882696166,SELL,classifier,0.3579104046026866,0.3780417144298553,0.0666666666666666,0.0,0.9333333333333332,45,Neutral,HOLD,🔻 SELL
BBH.N0000,🛑 Panic Crash,SELL,,kmeans,0.2976800030329437,SELL,classifier,0.3600665772402728,0.3820943534374237,0.2222222222222222,0.1111111111111111,0.6666666666666666,27,Neutral,HOLD,🔻 SELL
CTBL.N0000,🚀 Retail Momentum,HOLD,,kmeans,0.3191480210195052,SELL,classifier,0.3559565846349152,0.3646539151668548,0.1830985915492957,0.056338028169014,0.7605633802816901,71,Neutral,HOLD,⚖️ HOLD
MFPE.N0000,🚀 Retail Momentum,HOLD,,kmeans,0.2339317916179251,SELL,classifier,0.3572924501937011,0.3522557914257049,0.0862068965517241,0.0172413793103448,0.896551724137931,58,Neutral,HOLD,⚖️ HOLD
GEST.N0000,🛑 Panic Crash,SELL,,kmeans,0.152400778072457,SELL,classifier,0.3570754224291214,0.3693807125091553,0.173076923076923,0.2307692307692307,0.5961538461538461,52,Neutral,HOLD,🔻 SELL
UDPL.N0000,🚀 Retail Momentum,HOLD,,kmeans,0.16460122586983,SELL,classifier,0.3561480365693569,0.3664637207984924,0.125,0.15,0.725,40,Neutral,HOLD,⚖️ HOLD
PLR.N0000,🚀 Retail Momentum,HOLD,,kmeans,0.1863668343539808,SELL,classifier,0.333116122558713,0.168950617313385,0.34,0.14,0.52,50,Neutral,HOLD,⚖️ HOLD
NHL.N0000,🛑 Panic Crash,SELL,,kmeans,0.2240417692808802,SELL,classifier,0.3351632709565915,0.1727587282657623,0.0526315789473684,0.4473684210526316,0.5,76,Neutral,HOLD,🔻 SELL
TILE.N0000,🚀 Retail Momentum,HOLD,,kmeans,0.4796628669872282,HOLD,classifier,0.3416691321519113,0.3300181925296783,0.0161290322580645,0.3225806451612903,0.6612903225806451,62,Neutral,HOLD,⚖️ HOLD
BRR.N0000,🛑 Panic Crash,SELL,,kmeans,0.2100967479551599,SELL,classifier,0.3646466896722191,0.3355732858181,0.1052631578947368,0.0,0.8947368421052632,38,Neutral,HOLD,🔻 SELL
CWM.N0000,🚀 Retail Momentum,HOLD,,kmeans,0.4154645713055232,SELL,classifier,0.3557961225509644,0.3770492672920227,0.1818181818181818,0.0727272727272727,0.7454545454545455,55,Neutral,HOLD,⚖️ HOLD
PKME.N0000,🛑 Panic Crash,SELL,,kmeans,0.33306874094831,SELL,classifier,0.3283934131012124,0.2746234834194183,0.0847457627118644,0.2372881355932203,0.6779661016949152,59,Bearish,SELL,🔻 SELL
NDB.N0000,🚀 Retail Momentum,HOLD,,kmeans,0.2894751390341191,SELL,classifier,0.3134390898048877,0.2241329550743103,0.0416666666666666,0.375,0.5833333333333334,48,Bearish,SELL,⚖️ HOLD
TESS.X0000,🛑 Panic Crash,SELL,,kmeans,0.3577921015437317,SELL,classifier,0.3383918163868097,0.3151373565196991,0.0,0.25,0.75,52,Neutral,HOLD,🔻 SELL
RGEM.N0000,🚀 Retail Momentum,HOLD,,kmeans,0.1672440004458624,SELL,classifier,0.3562458166177722,0.3576351404190063,0.1014492753623188,0.0579710144927536,0.8405797101449275,69,Neutral,HOLD,⚖️ HOLD
HHL.N0000,🚀 Retail Momentum,HOLD,,kmeans,0.1706420909231068,SELL,classifier,0.3094126020812175,0.1494317501783371,0.0,0.8181818181818182,0.1818181818181818,88,Bearish,SELL,⚖️ HOLD
SPEN.N0000,🚀 Retail Momentum,HOLD,,kmeans,0.4739438230078124,HOLD,classifier,0.3351612788709727,0.327398270368576,0.0,0.3863636363636363,0.6136363636363636,44,Neutral,HOLD,⚖️ HOLD
LGIL.N0000,🚀 Retail Momentum,HOLD,,kmeans,0.3114583456299247,SELL,classifier,0.3414404780234931,0.3568562269210815,0.0943396226415094,0.4339622641509434,0.4716981132075472,53,Neutral,HOLD,⚖️ HOLD
KFP.N0000,🛑 Panic Crash,SELL,,kmeans,0.1792012775809912,SELL,classifier,0.3577112779021263,0.3426108360290527,0.0961538461538461,0.0384615384615384,0.8653846153846154,52,Neutral,HOLD,🔻 SELL
HBS.N0000,🛑 Panic Crash,SELL,,kmeans,0.2893865771893351,SELL,classifier,0.3560081693861219,0.3629062175750732,0.1666666666666666,0.1444444444444444,0.6888888888888889,90,Neutral,HOLD,🔻 SELL
CTEA.N0000,🛑 Panic Crash,SELL,,kmeans,0.1256867371312968,SELL,classifier,0.3589253693819046,0.3418331146240234,0.0666666666666666,0.0,0.9333333333333332,30,Neutral,HOLD,🔻 SELL
CHL.N0000,🚀 Retail Momentum,HOLD,,kmeans,0.4687667267066951,HOLD,classifier,0.3567770141012528,0.3658608496189117,0.0588235294117647,0.1568627450980392,0.7843137254901961,51,Neutral,HOLD,⚖️ HOLD
RFL.N0000,🚀 Retail Momentum,HOLD,,kmeans,0.2524224035176647,SELL,classifier,0.3523740750901839,0.3556815981864929,0.0392156862745098,0.3137254901960784,0.6470588235294118,51,Neutral,HOLD,⚖️ HOLD
LPL.N0000,🚀 Retail Momentum,HOLD,,kmeans,0.2004147258159742,SELL,classifier,0.3474454184373219,0.3462853133678436,0.0,0.0196078431372549,0.9803921568627452,51,Neutral,HOLD,⚖️ HOLD
HNB.N0000,🚀 Retail Momentum,HOLD,,kmeans,0.2098540203164178,SELL,classifier,0.3421720780432224,0.3239229619503021,0.0375,0.325,0.6375,80,Neutral,HOLD,⚖️ HOLD
SHL.N0000,🛑 Panic Crash,SELL,,kmeans,0.1839637870246208,SELL,classifier,0.3206447194975156,0.1044719219207763,0.0615384615384615,0.3384615384615385,0.6,65,Bearish,SELL,🔻 SELL
JAT.N0000,🚀 Retail Momentum,HOLD,,kmeans,0.1795212532883737,SELL,classifier,0.3359833517244884,0.3383868634700775,0.0,0.5,0.5,70,Neutral,HOLD,⚖️ HOLD
HELA.N0000,🚀 Retail Momentum,HOLD,,kmeans,0.2035752745397451,SELL,classifier,0.1820722762130054,0.1923534870147705,0.0,1.0,0.0,51,Bearish,SELL,⚖️ HOLD
REEF.N0000,😴 Neutral Market,Wait / Ignore,,kmeans,0.0971694223931434,SELL,classifier,0.2998442757874727,0.1684374958276748,0.0,0.45,0.55,40,Bearish,SELL,⚖️ HOLD
CIT.N0000,🛑 Panic Crash,SELL,,kmeans,0.3036809455323067,SELL,classifier,0.3500618753225907,0.3824585080146789,0.1739130434782608,0.3260869565217391,0.5,46,Neutral,HOLD,🔻 SELL
CALH.N0000,🚀 Retail Momentum,HOLD,,kmeans,0.3520837461591359,SELL,classifier,0.343511510462988,0.3386448323726654,0.0317460317460317,0.3492063492063492,0.6190476190476191,63,Neutral,HOLD,⚖️ HOLD
SMOT.N0000,🛑 Panic Crash,SELL,,kmeans,0.1182048331953288,SELL,classifier,0.3501324349871048,0.2791971564292907,0.0576923076923076,0.3076923076923077,0.6346153846153846,52,Neutral,HOLD,🔻 SELL
TPL.N0000,🚀 Retail Momentum,HOLD,,kmeans,0.235352175938988,SELL,classifier,0.3301488682627678,0.3299700617790222,0.0166666666666666,0.6666666666666666,0.3166666666666666,60,Bearish,SELL,⚖️ HOLD
HNBF.X0000,🚀 Retail Momentum,HOLD,,kmeans,0.2136552648464543,SELL,classifier,0.3571834771529488,0.3370487689971924,0.1304347826086956,0.108695652173913,0.7608695652173914,46,Neutral,HOLD,⚖️ HOLD
STAF.N0000,🚀 Retail Momentum,HOLD,,kmeans,0.2702573137451114,SELL,classifier,0.3490272545814514,0.3740719258785248,0.02,0.06,0.92,50,Neutral,HOLD,⚖️ HOLD
VFIN.N0000,🛑 Panic Crash,SELL,,kmeans,0.3296545629569534,SELL,classifier,0.3392214391191127,0.3711894452571869,0.0,0.3559322033898305,0.6440677966101694,59,Neutral,HOLD,🔻 SELL
AMF.N0000,🛑 Panic Crash,SELL,,kmeans,0.3368496253965268,SELL,classifier,0.3505268512770187,0.309620201587677,0.0581395348837209,0.2441860465116279,0.6976744186046512,86,Neutral,HOLD,🔻 SELL
GREG.N0000,🛑 Panic Crash,SELL,,kmeans,0.1271775406633224,SELL,classifier,0.3647645969282497,0.3694786727428436,0.2272727272727272,0.0454545454545454,0.7272727272727273,44,Neutral,HOLD,🔻 SELL
GHLL.N0000,🛑 Panic Crash,SELL,,kmeans,0.2077883552656848,SELL,classifier,0.3519112505610027,0.3772933781147003,0.0952380952380952,0.0476190476190476,0.8571428571428571,63,Neutral,HOLD,🔻 SELL
NTB.X0000,🛑 Panic Crash,SELL,,kmeans,0.1370787463587947,SELL,classifier,0.3446293897547964,0.3818339705467224,0.1016949152542373,0.3728813559322034,0.5254237288135594,59,Neutral,HOLD,🔻 SELL
VLL.N0000,🚀 Retail Momentum,HOLD,,kmeans,0.3800347511454593,SELL,classifier,0.3518851108494259,0.3541882038116455,0.0952380952380952,0.119047619047619,0.7857142857142857,42,Neutral,HOLD,⚖️ HOLD
AHPL.N0000,🚀 Retail Momentum,HOLD,,kmeans,0.3528421917393875,SELL,classifier,0.3587134968150746,0.3435046076774597,0.0454545454545454,0.0,0.9545454545454546,44,Neutral,HOLD,⚖️ HOLD
PABC.N0000,🚀 Retail Momentum,HOLD,,kmeans,0.2120722590083211,SELL,classifier,0.3320865052333776,0.328189343214035,0.0434782608695652,0.5797101449275363,0.3768115942028985,69,Bearish,SELL,⚖️ HOLD
AAIC.N0000,🛑 Panic Crash,SELL,,kmeans,0.3070991671619241,SELL,classifier,0.3168398924171924,0.119906298816204,0.0869565217391304,0.1956521739130435,0.717391304347826,46,Bearish,SELL,🔻 SELL
WLTH.N0000,🚀 Retail Momentum,HOLD,,kmeans,0.2767884412572808,SELL,classifier,0.3422373822241118,0.3678308725357055,0.0,0.2727272727272727,0.7272727272727273,33,Neutral,HOLD,⚖️ HOLD
ASPH.N0000,🛑 Panic Crash,SELL,,kmeans,0.1148568805439738,SELL,classifier,0.0442014324168364,0.04390150308609,0.0,1.0,0.0,60,Bearish,SELL,🔻 SELL
HDFC.N0000,🛑 Panic Crash,SELL,,kmeans,0.2463187622714151,SELL,classifier,0.3361837596309428,0.3426441848278045,0.1020408163265306,0.1836734693877551,0.7142857142857143,49,Neutral,HOLD,🔻 SELL
DIPD.N0000,🚀 Retail Momentum,HOLD,,kmeans,0.1995444985698146,SELL,classifier,0.3383216689030329,0.3700841963291168,0.0166666666666666,0.5166666666666667,0.4666666666666667,60,Neutral,HOLD,⚖️ HOLD
DIAL.N0000,🛑 Panic Crash,SELL,,kmeans,0.2078370130108183,SELL,classifier,0.3378754482894647,0.3448758125305176,0.0,0.3114754098360656,0.6885245901639344,61,Neutral,HOLD,🔻 SELL
CRL.N0000,🛑 Panic Crash,SELL,,kmeans,0.1821540479582827,SELL,classifier,0.3497477882894976,0.2604613900184631,0.2241379310344827,0.1724137931034483,0.603448275862069,58,Neutral,HOLD,🔻 SELL
EML.N0000,🛑 Panic Crash,SELL,,kmeans,0.2893417832552668,SELL,classifier,0.3724744594564624,0.3827947378158569,0.4117647058823529,0.0,0.5882352941176471,51,Neutral,HOLD,🔻 SELL
COCR.N0000,🚀 Retail Momentum,HOLD,,kmeans,0.1464359899090142,SELL,classifier,0.3343314605951309,0.3645696640014648,0.0,0.3,0.7,50,Neutral,HOLD,⚖️ HOLD
BFL.N0000,🛑 Panic Crash,SELL,,kmeans,0.2745964404686936,SELL,classifier,0.3280768119730055,0.2621231973171234,0.1875,0.1666666666666666,0.6458333333333334,48,Bearish,SELL,🔻 SELL
LALU.N0000,🛑 Panic Crash,SELL,,kmeans,0.3082959704557916,SELL,classifier,0.3678608869397363,0.3785727024078369,0.3488372093023256,0.0,0.6511627906976745,43,Neutral,HOLD,🔻 SELL
SHOT.N0000,🛑 Panic Crash,SELL,,kmeans,0.3712568432299088,SELL,classifier,0.3551256822215186,0.3799960911273956,0.0888888888888888,0.1333333333333333,0.7777777777777778,45,Neutral,HOLD,🔻 SELL
OFEQ.N0000,🚀 Retail Momentum,HOLD,,kmeans,0.1573825107909651,SELL,classifier,0.3644962549209595,0.3729631900787353,0.24,0.0,0.76,50,Neutral,HOLD,⚖️ HOLD
KAHA.N0000,🚀 Retail Momentum,HOLD,,kmeans,0.2208852266317215,SELL,classifier,0.3344021684502902,0.3614049851894378,0.0,0.5342465753424658,0.4657534246575342,73,Neutral,HOLD,⚖️ HOLD
SAMP.N0000,🚀 Retail Momentum,HOLD,,kmeans,0.2892435235997559,SELL,classifier,0.3122836968597071,0.2374082803726196,0.0123456790123456,0.7901234567901234,0.1975308641975308,81,Bearish,SELL,⚖️ HOLD
LION.N0000,🛑 Panic Crash,SELL,,kmeans,0.1625868323466773,SELL,classifier,0.3498479571877693,0.330215185880661,0.0612244897959183,0.2653061224489796,0.673469387755102,49,Neutral,HOLD,🔻 SELL
TSML.N0000,🛑 Panic Crash,SELL,,kmeans,0.1840414435997679,SELL,classifier,0.3575325986234153,0.3524890542030334,0.024390243902439,0.0,0.975609756097561,41,Neutral,HOLD,🔻 SELL
CINS.X0000,🛑 Panic Crash,SELL,,kmeans,0.1623871091798602,SELL,classifier,0.3443693684977154,0.3385246992111206,0.0,0.1395348837209302,0.8604651162790697,43,Neutral,HOLD,🔻 SELL
VLL.X0000,🛑 Panic Crash,SELL,,kmeans,0.1874024180553693,SELL,classifier,0.3548631347142733,0.3746316730976105,0.0192307692307692,0.0769230769230769,0.903846153846154,52,Neutral,HOLD,🔻 SELL
BREW.N0000,🛑 Panic Crash,SELL,,kmeans,0.1002867522857491,SELL,classifier,0.3635367337200377,0.3684627711772918,0.0555555555555555,0.0,0.9444444444444444,36,Neutral,HOLD,🔻 SELL
ASHO.N0000,🚀 Retail Momentum,HOLD,,kmeans,0.1291181693523689,SELL,classifier,0.3633064964125233,0.3831587135791778,0.1451612903225806,0.0,0.8548387096774194,62,Neutral,HOLD,⚖️ HOLD
RIL.N0000,🚀 Retail Momentum,HOLD,,kmeans,0.2116619632088524,SELL,classifier,0.3247331247902384,0.1982415318489074,0.196078431372549,0.2549019607843137,0.5490196078431373,51,Bearish,SELL,⚖️ HOLD
FCT.N0000,🛑 Panic Crash,SELL,,kmeans,0.2942748854811688,SELL,classifier,0.3371112751109259,0.355037659406662,0.0,0.4761904761904761,0.5238095238095238,84,Neutral,HOLD,🔻 SELL
CTLD.N0000,🛑 Panic Crash,SELL,,kmeans,0.1515414630058332,SELL,classifier,0.3606515052141966,0.3873395025730133,0.2222222222222222,0.1481481481481481,0.6296296296296297,54,Neutral,HOLD,🔻 SELL
LVEF.N0000,🛑 Panic Crash,SELL,,kmeans,0.2255574710375799,SELL,classifier,0.3195765052662521,0.35768523812294,0.0,0.8688524590163934,0.1311475409836065,61,Bearish,SELL,🔻 SELL
VPEL.N0000,🚀 Retail Momentum,HOLD,,kmeans,0.1927873865821311,SELL,classifier,0.3364388233628766,0.3527500629425049,0.0,0.5689655172413793,0.4310344827586206,58,Bearish,SELL,⚖️ HOLD
WATA.N0000,🛑 Panic Crash,SELL,,kmeans,0.1962534949358306,SELL,classifier,0.3337218101819356,0.3191948235034942,0.0133333333333333,0.5333333333333333,0.4533333333333333,75,Neutral,HOLD,🔻 SELL
AGST.N0000,🛑 Panic Crash,SELL,,kmeans,0.1925461042562375,SELL,classifier,0.3431820080361583,0.3223156332969665,0.0227272727272727,0.1363636363636363,0.8409090909090909,44,Neutral,HOLD,🔻 SELL
SINS.N0000,🛑 Panic Crash,SELL,,kmeans,0.2379917250181479,SELL,classifier,0.3301762659441341,0.188109889626503,0.0909090909090909,0.109090909090909,0.8,55,Bearish,SELL,🔻 SELL
EBCR.N0000,🚀 Retail Momentum,HOLD,,kmeans,0.1942929631999905,SELL,classifier,0.3565462346260364,0.3415502905845642,0.1153846153846153,0.0,0.8846153846153846,52,Neutral,HOLD,⚖️ HOLD
ATLL.N0000,🚀 Retail Momentum,HOLD,,kmeans,0.2060639783891318,SELL,classifier,0.3434024002662925,0.36050546169281,0.0465116279069767,0.1627906976744186,0.7906976744186046,43,Neutral,HOLD,⚖️ HOLD
KOTA.N0000,🛑 Panic Crash,SELL,,kmeans,0.2700463210914919,SELL,classifier,0.3404928108056386,0.3672433495521545,0.0,0.3555555555555555,0.6444444444444445,45,Neutral,HOLD,🔻 SELL
YORK.N0000,🛑 Panic Crash,SELL,,kmeans,0.1911005069824872,SELL,classifier,0.3532785498782208,0.3783796727657318,0.131578947368421,0.0526315789473684,0.8157894736842105,38,Neutral,HOLD,🔻 SELL
COLO.N0000,🛑 Panic Crash,SELL,,kmeans,0.1835292659742602,SELL,classifier,0.360602175272428,0.3757662177085876,0.1384615384615384,0.0615384615384615,0.8,65,Neutral,HOLD,🔻 SELL
SIL.N0000,🛑 Panic Crash,SELL,,kmeans,0.1508957608707829,SELL,classifier,0.3445003874323986,0.2371128797531128,0.0925925925925925,0.2407407407407407,0.6666666666666666,54,Neutral,HOLD,🔻 SELL
LHCL.N0000,🛑 Panic Crash,SELL,,kmeans,0.165556589681088,SELL,classifier,0.3640343792605818,0.3779560625553131,0.2105263157894736,0.0,0.7894736842105263,57,Neutral,HOLD,🔻 SELL
APLA.N0000,🚀 Retail Momentum,HOLD,,kmeans,0.1457699957409025,SELL,classifier,0.3580576074123383,0.3643293678760528,0.18,0.04,0.78,50,Neutral,HOLD,⚖️ HOLD
SCAP.N0000,🛑 Panic Crash,SELL,,kmeans,0.2772451733568756,SELL,classifier,0.2982308781179397,0.068487524986267,0.0,0.3695652173913043,0.6304347826086957,46,Bearish,SELL,🔻 SELL
SEYB.X0000,🛑 Panic Crash,SELL,,kmeans,0.2338768181424023,SELL,classifier,0.3302758775394538,0.2298044264316558,0.1551724137931034,0.1724137931034483,0.6724137931034483,58,Bearish,SELL,🔻 SELL
MRH.N0000,🛑 Panic Crash,SELL,,kmeans,0.2195086365022436,SELL,classifier,0.3576922062784433,0.3493506014347076,0.0625,0.0,0.9375,32,Neutral,HOLD,🔻 SELL
TANG.N0000,🛑 Panic Crash,SELL,,kmeans,0.1019833952331486,SELL,classifier,0.3648524765382733,0.3520432710647583,0.3157894736842105,0.0350877192982456,0.6491228070175439,57,Neutral,HOLD,🔻 SELL
LMF.N0000,🚀 Retail Momentum,HOLD,,kmeans,0.2246426849654323,SELL,classifier,0.3342573483344875,0.0960064902901649,0.2278481012658227,0.2531645569620253,0.5189873417721519,79,Neutral,HOLD,⚖️ HOLD
LUMX.N0000,🛑 Panic Crash,SELL,,kmeans,0.3253466807472101,SELL,classifier,0.3356655551628633,0.3109740018844604,0.0454545454545454,0.1363636363636363,0.8181818181818182,44,Neutral,HOLD,🔻 SELL
CCS.N0000,🛑 Panic Crash,SELL,,kmeans,0.2454540264591045,SELL,classifier,0.3115061792278928,0.054358921945095,0.0,0.4821428571428571,0.5178571428571429,56,Bearish,SELL,🔻 SELL
HAPU.N0000,🛑 Panic Crash,SELL,,kmeans,0.1325273433419269,SELL,classifier,0.3660301009291096,0.3622096180915832,0.2368421052631578,0.0526315789473684,0.7105263157894737,38,Neutral,HOLD,🔻 SELL
GRAN.N0000,🛑 Panic Crash,SELL,,kmeans,0.2185992095825965,SELL,classifier,0.3606540836253256,0.3654787540435791,0.2075471698113207,0.0,0.7924528301886793,53,Neutral,HOLD,🔻 SELL
PINS.N0000,🛑 Panic Crash,SELL,,kmeans,0.3766713511840975,SELL,classifier,0.3494732258271198,0.3863118886947632,0.0816326530612244,0.1224489795918367,0.7959183673469388,49,Neutral,HOLD,🔻 SELL
HUNA.N0000,🛑 Panic Crash,SELL,,kmeans,0.2536447241499204,SELL,classifier,0.3597902682694522,0.3737222850322723,0.1590909090909091,0.1363636363636363,0.7045454545454546,44,Neutral,HOLD,🔻 SELL
UBF.N0000,🛑 Panic Crash,SELL,,kmeans,0.2697508239754259,SELL,classifier,0.1424887661304738,0.1717342585325241,0.0,1.0,0.0,45,Bearish,SELL,🔻 SELL
CIC.N0000,🛑 Panic Crash,SELL,,kmeans,0.2065581489864672,SELL,classifier,0.3463856822678021,0.380132257938385,0.0357142857142857,0.1964285714285714,0.7678571428571429,56,Neutral,HOLD,🔻 SELL
MERC.N0000,🛑 Panic Crash,SELL,,kmeans,0.1980477595920559,SELL,classifier,0.3335172470410665,0.3352726101875305,0.0,0.3733333333333333,0.6266666666666667,75,Neutral,HOLD,🔻 SELL
SIGV.N0000,🛑 Panic Crash,SELL,,kmeans,0.3653897350981823,SELL,classifier,0.3508472985454968,0.3785297870635986,0.0714285714285714,0.0535714285714285,0.875,56,Neutral,HOLD,🔻 SELL
AAF.N0000,🛑 Panic Crash,SELL,,kmeans,0.172615666277556,SELL,classifier,0.3660496807098388,0.3587131202220917,0.16,0.02,0.82,50,Neutral,HOLD,🔻 SELL
LCBF.N0000,🛑 Panic Crash,SELL,,kmeans,0.1844792492688184,SELL,classifier,0.2931053896175056,0.1935612857341766,0.0163934426229508,0.6065573770491803,0.3770491803278688,61,Bearish,SELL,🔻 SELL
RCL.N0000,🛑 Panic Crash,SELL,,kmeans,0.3157462184328122,SELL,classifier,0.3518541734269325,0.3647736310958862,0.0212765957446808,0.2553191489361702,0.723404255319149,47,Neutral,HOLD,🔻 SELL
LOFC.N0000,🛑 Panic Crash,SELL,,kmeans,0.184752214803999,SELL,classifier,0.1554370526379595,0.2089821696281433,0.0,1.0,0.0,48,Bearish,SELL,🔻 SELL
SERV.N0000,🚀 Retail Momentum,HOLD,,kmeans,0.1633291554271716,SELL,classifier,0.3366084753298292,0.3388888239860534,0.0,0.4705882352941176,0.5294117647058824,51,Neutral,HOLD,⚖️ HOLD
SDF.N0000,🛑 Panic Crash,SELL,,kmeans,0.1895724757316608,SELL,classifier,0.3584521659291707,0.3788765072822571,0.0961538461538461,0.0192307692307692,0.8846153846153846,52,Neutral,HOLD,🔻 SELL
BERU.N0000,🛑 Panic Crash,SELL,,kmeans,0.2082120097180858,SELL,classifier,0.3050218182615936,0.0545327104628086,0.0,0.425,0.575,40,Bearish,SELL,🔻 SELL
MARA.N0000,🛑 Panic Crash,SELL,,kmeans,0.2428583507043317,SELL,classifier,0.3315599712458524,0.3063539564609527,0.0727272727272727,0.1636363636363636,0.7636363636363637,55,Bearish,SELL,🔻 SELL
MULL.N0000,🛑 Panic Crash,SELL,,kmeans,0.2506581992637826,SELL,classifier,0.2995400675411882,0.3066158294677734,0.0172413793103448,0.6551724137931034,0.3275862068965517,58,Bearish,SELL,🔻 SELL
CITW.N0000,🛑 Panic Crash,SELL,,kmeans,0.1502477585776842,SELL,classifier,0.0525277416137131,0.0468024015426635,0.0,1.0,0.0,55,Bearish,SELL,🔻 SELL
KPHL.N0000,🛑 Panic Crash,SELL,,kmeans,0.2458577985958554,SELL,classifier,0.3738314469273274,0.3672166764736175,0.3846153846153846,0.0,0.6153846153846154,52,Neutral,HOLD,🔻 SELL
TYRE.N0000,🛑 Panic Crash,SELL,,kmeans,0.1868186310867841,SELL,classifier,0.3493649587035179,0.3775040507316589,0.0416666666666666,0.1875,0.7708333333333334,48,Neutral,HOLD,🔻 SELL
PAP.N0000,🛑 Panic Crash,SELL,,kmeans,0.2551662784876078,SELL,classifier,0.3473081019189623,0.3320325911045074,0.0666666666666666,0.2,0.7333333333333333,45,Neutral,HOLD,🔻 SELL
CHMX.N0000,🛑 Panic Crash,SELL,,kmeans,0.1502680121217809,SELL,classifier,0.3626829378115825,0.356452614068985,0.0512820512820512,0.0,0.9487179487179488,39,Neutral,HOLD,🔻 SELL
DPL.N0000,🛑 Panic Crash,SELL,,kmeans,0.3548866990094,SELL,classifier,0.3453760276670041,0.381350427865982,0.0434782608695652,0.3043478260869565,0.6521739130434783,46,Neutral,HOLD,🔻 SELL
BPPL.N0000,🛑 Panic Crash,SELL,,kmeans,0.273805337642218,SELL,classifier,0.3374733626842499,0.3663055896759033,0.0172413793103448,0.5344827586206896,0.4482758620689655,58,Neutral,HOLD,🔻 SELL
SIRA.N0000,🚀 Retail Momentum,HOLD,,kmeans,0.1471543644461936,SELL,classifier,0.3191603501886129,0.2693355679512024,0.12,0.42,0.46,50,Bearish,SELL,⚖️ HOLD
BOPL.N0000,🛑 Panic Crash,SELL,,kmeans,0.1131481783134487,SELL,classifier,0.3510421715352846,0.3487814366817474,0.0217391304347826,0.1739130434782608,0.8043478260869565,46,Neutral,HOLD,🔻 SELL
HNBF.N0000,🛑 Panic Crash,SELL,,kmeans,0.1047118718358896,SELL,classifier,0.3029896247646083,0.1236536502838134,0.0,0.2608695652173913,0.7391304347826086,46,Bearish,SELL,🔻 SELL
CFVF.N0000,🛑 Panic Crash,SELL,,kmeans,0.1316157287448528,SELL,classifier,0.3408254705093525,0.3482140600681305,0.0,0.2037037037037037,0.7962962962962963,54,Neutral,HOLD,🔻 SELL
CIC.X0000,🚀 Retail Momentum,HOLD,,kmeans,0.1820729617126257,SELL,classifier,0.3366704750806093,0.3062593340873718,0.0416666666666666,0.3472222222222222,0.6111111111111112,72,Neutral,HOLD,⚖️ HOLD
BALA.N0000,🛑 Panic Crash,SELL,,kmeans,0.1510973283849395,SELL,classifier,0.3471380919218063,0.3595007658004761,0.0,0.2142857142857142,0.7857142857142857,56,Neutral,HOLD,🔻 SELL
RAL.N0000,🛑 Panic Crash,SELL,,kmeans,0.2013135454980003,SELL,classifier,0.343189896941185,0.3240385353565216,0.12,0.4,0.48,50,Neutral,HOLD,🔻 SELL
CHL.X0000,🛑 Panic Crash,SELL,,kmeans,0.1120266837955804,SELL,classifier,0.3675134994766929,0.3750421404838562,0.1363636363636363,0.0,0.8636363636363636,44,Neutral,HOLD,🔻 SELL
LIOC.N0000,🛑 Panic Crash,SELL,,kmeans,0.2037047076522968,SELL,classifier,0.3269571861276379,0.2659842073917389,0.0779220779220779,0.4155844155844156,0.5064935064935064,77,Bearish,SELL,🔻 SELL
CSD.N0000,🛑 Panic Crash,SELL,,kmeans,0.2325468908614936,SELL,classifier,0.3464980131270839,0.3672333359718323,0.0,0.1176470588235294,0.8823529411764706,51,Neutral,HOLD,🔻 SELL
HNB.X0000,🛑 Panic Crash,SELL,,kmeans,0.1649469879791966,SELL,classifier,0.3248094070909751,0.2886280715465545,0.0416666666666666,0.3611111111111111,0.5972222222222222,72,Bearish,SELL,🔻 SELL
COMB.X0000,🛑 Panic Crash,SELL,,kmeans,0.3343796574069234,SELL,classifier,0.346328526303388,0.3363198935985565,0.072463768115942,0.217391304347826,0.7101449275362319,69,Neutral,HOLD,🔻 SELL
CLND.N0000,🛑 Panic Crash,SELL,,kmeans,0.2706065490871129,SELL,classifier,0.3347522216986437,0.0936128869652748,0.1639344262295081,0.1311475409836065,0.7049180327868853,61,Neutral,HOLD,🔻 SELL
VONE.N0000,🛑 Panic Crash,SELL,,kmeans,0.2578138260490357,SELL,classifier,0.3586383461952209,0.3505944311618805,0.1020408163265306,0.0204081632653061,0.8775510204081632,49,Neutral,HOLD,🔻 SELL
RICH.N0000,🛑 Panic Crash,SELL,,kmeans,0.2208962202128588,SELL,classifier,0.3614555083215237,0.364258736371994,0.05,0.0,0.95,40,Neutral,HOLD,🔻 SELL
CITH.N0000,🛑 Panic Crash,SELL,,kmeans,0.1325004490264391,SELL,classifier,0.2992735397643767,0.0539853498339653,0.0384615384615384,0.5192307692307693,0.4423076923076923,52,Bearish,SELL,🔻 SELL
ABL.N0000,🛑 Panic Crash,SELL,,kmeans,0.2138720387360796,SELL,classifier,0.3570279662913464,0.369401603937149,0.1063829787234042,0.0638297872340425,0.8297872340425532,47,Neutral,HOLD,🔻 SELL
SLTL.N0000,🛑 Panic Crash,SELL,,kmeans,0.1262225091839893,SELL,classifier,0.3664032477279042,0.3751139044761657,0.1860465116279069,0.0232558139534883,0.7906976744186046,43,Neutral,HOLD,🔻 SELL
EXT.N0000,🛑 Panic Crash,SELL,,kmeans,0.2776640518184772,SELL,classifier,0.3681883978289227,0.3656597137451172,0.2325581395348837,0.0232558139534883,0.7441860465116279,43,Neutral,HOLD,🔻 SELL
SFIN.N0000,🛑 Panic Crash,SELL,,kmeans,0.2355280493116072,SELL,classifier,0.3600584183420454,0.375878095626831,0.25,0.0714285714285714,0.6785714285714286,56,Neutral,HOLD,🔻 SELL
KZOO.N0000,🛑 Panic Crash,SELL,,kmeans,0.2128817367426227,SELL,classifier,0.3111050856508771,0.0699449554085731,0.1836734693877551,0.2448979591836734,0.5714285714285714,49,Bearish,SELL,🔻 SELL
COOP.N0000,🛑 Panic Crash,SELL,,kmeans,0.1803555075923811,SELL,classifier,0.1383427066935433,0.0494228936731815,0.0,1.0,0.0,99,Bearish,SELL,🔻 SELL
HAYL.N0000,🛑 Panic Crash,SELL,,kmeans,0.2799208510051988,SELL,classifier,0.3294823607260531,0.2107699960470199,0.109090909090909,0.1636363636363636,0.7272727272727273,55,Bearish,SELL,🔻 SELL
RHL.N0000,🛑 Panic Crash,SELL,,kmeans,0.1706741740826648,SELL,classifier,0.3732627170426505,0.3601277768611908,0.4142857142857143,0.0,0.5857142857142857,70,Neutral,HOLD,🔻 SELL
AEL.N0000,🛑 Panic Crash,SELL,,kmeans,0.209445966704287,SELL,classifier,0.3258419718151375,0.2582853734493255,0.1186440677966101,0.3050847457627119,0.576271186440678,59,Bearish,SELL,🔻 SELL
ELPL.N0000,🛑 Panic Crash,SELL,,kmeans,0.4579703087950073,HOLD,classifier,0.3600844573556331,0.3559496998786926,0.2456140350877192,0.087719298245614,0.6666666666666666,57,Neutral,HOLD,🔻 SELL
EDEN.N0000,🛑 Panic Crash,SELL,,kmeans,0.1479323410446407,SELL,classifier,0.3408519277969996,0.3341425359249115,0.0,0.2916666666666667,0.7083333333333334,48,Neutral,HOLD,🔻 SELL
LWL.N0000,🛑 Panic Crash,SELL,,kmeans,0.4067240362423547,SELL,classifier,0.3507948696613311,0.3690182268619537,0.1,0.2666666666666666,0.6333333333333333,60,Neutral,HOLD,🔻 SELL
RWSL.N0000,🛑 Panic Crash,SELL,,kmeans,0.3143681125750815,SELL,classifier,0.3437055317645377,0.3600022792816162,0.0425531914893617,0.2127659574468085,0.7446808510638298,47,Neutral,HOLD,🔻 SELL
AHUN.N0000,🛑 Panic Crash,SELL,,kmeans,0.2941870371147133,SELL,classifier,0.3244538815795547,0.1618090122938156,0.0416666666666666,0.2777777777777778,0.6805555555555556,72,Bearish,SELL,🔻 SELL
PALM.N0000,🛑 Panic Crash,SELL,,kmeans,0.2303069039313297,SELL,classifier,0.3636243795907056,0.3826313018798828,0.1851851851851851,0.037037037037037,0.7777777777777778,27,Neutral,HOLD,🔻 SELL
SFCL.N0000,🛑 Panic Crash,SELL,,kmeans,0.4555558962390751,HOLD,classifier,0.360393187072542,0.3587561249732971,0.1111111111111111,0.0444444444444444,0.8444444444444444,45,Neutral,HOLD,🔻 SELL
DIST.N0000,🛑 Panic Crash,SELL,,kmeans,0.430458146265981,SELL,classifier,0.3414168586333593,0.3244732320308685,0.0666666666666666,0.3,0.6333333333333333,60,Neutral,HOLD,🔻 SELL
JETS.N0000,🚀 Retail Momentum,HOLD,,kmeans,0.2263603441118485,SELL,classifier,0.3282781684150298,0.2907288074493408,0.0208333333333333,0.3958333333333333,0.5833333333333334,48,Bearish,SELL,⚖️ HOLD
MADU.N0000,🛑 Panic Crash,SELL,,kmeans,0.2412911578003974,SELL,classifier,0.3479344377150902,0.3610795736312866,0.0615384615384615,0.2,0.7384615384615385,65,Neutral,HOLD,🔻 SELL
LHL.N0000,🛑 Panic Crash,SELL,,kmeans,0.1902747433026429,SELL,classifier,0.3679257007315755,0.3802699744701385,0.25,0.0,0.75,32,Neutral,HOLD,🔻 SELL
PHAR.N0000,🛑 Panic Crash,SELL,,kmeans,0.1686012467442508,SELL,classifier,0.3705161669188075,0.3562417328357696,0.2222222222222222,0.0,0.7777777777777778,36,Neutral,HOLD,🔻 SELL
AUTO.N0000,🛑 Panic Crash,SELL,,kmeans,0.1216675988080761,SELL,classifier,0.3621130904486013,0.3830592632293701,0.3720930232558139,0.2093023255813953,0.4186046511627907,43,Neutral,HOLD,🔻 SELL
BOGA.N0000,🛑 Panic Crash,SELL,,kmeans,0.2045440921666108,SELL,classifier,0.3506862704049457,0.3639861941337585,0.0681818181818181,0.0681818181818181,0.8636363636363636,44,Neutral,HOLD,🔻 SELL
CPRT.N0000,🛑 Panic Crash,SELL,,kmeans,0.2191128073061084,SELL,classifier,0.3441822255651156,0.3774288892745971,0.1041666666666666,0.3541666666666667,0.5416666666666666,48,Neutral,HOLD,🔻 SELL
ASIY.N0000,🛑 Panic Crash,SELL,,kmeans,0.1977638974426029,SELL,classifier,0.3632705174386501,0.3490081131458282,0.1041666666666666,0.0,0.8958333333333334,48,Neutral,HOLD,🔻 SELL
CHOT.N0000,🛑 Panic Crash,SELL,,kmeans,0.3827825987714802,SELL,classifier,0.3710401394265763,0.374559998512268,0.2127659574468085,0.0,0.7872340425531915,47,Neutral,HOLD,🔻 SELL
REXP.N0000,🛑 Panic Crash,SELL,,kmeans,0.1289211292247154,SELL,classifier,0.3649887333555919,0.3657162189483642,0.1463414634146341,0.0,0.8536585365853658,41,Neutral,HOLD,🔻 SELL
RHL.X0000,🛑 Panic Crash,SELL,,kmeans,0.1853384800661085,SELL,classifier,0.3763736372298382,0.3667168021202087,0.4680851063829787,0.0,0.5319148936170213,47,Neutral,HOLD,🔻 SELL
AFS.N0000,🛑 Panic Crash,SELL,,kmeans,0.4880187329986696,HOLD,classifier,0.365993164834522,0.3815721869468689,0.1428571428571428,0.0238095238095238,0.8333333333333334,42,Neutral,HOLD,🔻 SELL
TRAN.N0000,🛑 Panic Crash,SELL,,kmeans,0.1855298414161322,SELL,classifier,0.3537710011005401,0.3567317128181457,0.0188679245283018,0.1132075471698113,0.8679245283018868,53,Neutral,HOLD,🔻 SELL
CFLB.N0000,🛑 Panic Crash,SELL,,kmeans,0.1645236419071075,SELL,classifier,0.3616530231067112,0.3825617730617523,0.2857142857142857,0.0285714285714285,0.6857142857142857,35,Neutral,HOLD,🔻 SELL
EMER.N0000,🛑 Panic Crash,SELL,,kmeans,0.3083848614293809,SELL,classifier,0.3647154186453138,0.3592711687088012,0.2040816326530612,0.0,0.7959183673469388,49,Neutral,HOLD,🔻 SELL
SHOT.X0000,🛑 Panic Crash,SELL,,kmeans,0.1464253308771812,SELL,classifier,0.3671712823536085,0.3665793240070343,0.1304347826086956,0.0,0.8695652173913043,46,Neutral,HOLD,🔻 SELL
LPRT.N0000,🛑 Panic Crash,SELL,,kmeans,0.1015263972388755,SELL,classifier,0.3634703797953469,0.3560540080070495,0.0714285714285714,0.0357142857142857,0.8928571428571429,28,Neutral,HOLD,🔻 SELL
PEG.N0000,🛑 Panic Crash,SELL,,kmeans,0.1124541413135858,SELL,classifier,0.3627878115935759,0.3747090697288513,0.0681818181818181,0.0,0.9318181818181818,44,Neutral,HOLD,🔻 SELL
DOCK.N0000,🛑 Panic Crash,SELL,,kmeans,0.1388505458499092,SELL,classifier,0.3369370865821838,0.2358553260564804,0.16,0.12,0.72,75,Neutral,HOLD,🔻 SELL
CBNK.N0000,🛑 Panic Crash,SELL,,kmeans,0.1303614545830749,SELL,classifier,0.3207052527711941,0.3009044528007507,0.0,0.8653846153846154,0.1346153846153846,52,Bearish,SELL,🔻 SELL
RPBH.N0000,🛑 Panic Crash,SELL,,kmeans,0.1480923971993233,SELL,classifier,0.3576935757882893,0.375027596950531,0.140625,0.046875,0.8125,64,Neutral,HOLD,🔻 SELL
EAST.N0000,🛑 Panic Crash,SELL,,kmeans,0.2721987554145552,SELL,classifier,0.3536922450576509,0.3584936261177063,0.1142857142857142,0.2,0.6857142857142857,70,Neutral,HOLD,🔻 SELL
ECL.N0000,🛑 Panic Crash,SELL,,kmeans,0.2550040350865069,SELL,classifier,0.3655389789925065,0.3682463467121124,0.0930232558139534,0.0,0.9069767441860463,43,Neutral,HOLD,🔻 SELL
KVAL.N0000,🛑 Panic Crash,SELL,,kmeans,0.2009401158910822,SELL,classifier,0.3377285167282703,0.3644929230213165,0.0,0.392156862745098,0.6078431372549019,51,Neutral,HOLD,🔻 SELL
KHC.N0000,🛑 Panic Crash,SELL,,kmeans,0.2096131421885701,SELL,classifier,0.3637663278173893,0.3746271729469299,0.0638297872340425,0.0,0.9361702127659576,47,Neutral,HOLD,🔻 SELL
HPWR.N0000,🛑 Panic Crash,SELL,,kmeans,0.3612850136791803,SELL,classifier,0.3555104653624927,0.3558911383152008,0.0,0.0,1.0,34,Neutral,HOLD,🔻 SELL
COCO.X0000,🛑 Panic Crash,SELL,,kmeans,0.2090985800291916,SELL,classifier,0.3735994132275277,0.3779356479644775,0.3829787234042553,0.0212765957446808,0.5957446808510638,47,Neutral,HOLD,🔻 SELL
TAP.N0000,🛑 Panic Crash,SELL,,kmeans,0.2427931370797088,SELL,classifier,0.3364079707198673,0.3678390681743622,0.0222222222222222,0.2222222222222222,0.7555555555555555,45,Neutral,HOLD,🔻 SELL
UAL.N0000,🛑 Panic Crash,SELL,,kmeans,0.1209870270517797,SELL,classifier,0.3548790737986564,0.3622787296772003,0.0357142857142857,0.1428571428571428,0.8214285714285714,56,Neutral,HOLD,🔻 SELL
SEYB.N0000,🛑 Panic Crash,SELL,,kmeans,0.1588964678245546,SELL,classifier,0.3591240527583103,0.3479188680648803,0.0980392156862745,0.0588235294117647,0.8431372549019608,51,Neutral,HOLD,🔻 SELL
CARG.N0000,🛑 Panic Crash,SELL,,kmeans,0.1800761265492339,SELL,classifier,0.3521849603153938,0.37086021900177,0.0232558139534883,0.0232558139534883,0.9534883720930232,43,Neutral,HOLD,🔻 SELL
PARQ.N0000,🛑 Panic Crash,SELL,,kmeans,0.4312951263150466,SELL,classifier,0.3530810206544165,0.3618008196353912,0.0392156862745098,0.0980392156862745,0.8627450980392157,51,Neutral,HOLD,🔻 SELL
ASIR.N0000,🛑 Panic Crash,SELL,,kmeans,0.2783024327292885,SELL,classifier,0.3340552509451905,0.2625628709793091,0.2166666666666666,0.1333333333333333,0.65,60,Neutral,HOLD,🔻 SELL
MBSL.N0000,🛑 Panic Crash,SELL,,kmeans,0.339047884736268,SELL,classifier,0.3602578310916821,0.3685323297977447,0.1041666666666666,0.0,0.8958333333333334,48,Neutral,HOLD,🔻 SELL
PLC.N0000,🛑 Panic Crash,SELL,,kmeans,0.362805541901771,SELL,classifier,0.3399434253092735,0.3645612597465515,0.032258064516129,0.3225806451612903,0.6451612903225806,62,Neutral,HOLD,🔻 SELL
ACME.N0000,🛑 Panic Crash,SELL,,kmeans,0.1515511476251506,SELL,classifier,0.2998255880979391,0.0669343993067741,0.1538461538461538,0.2884615384615384,0.5576923076923077,52,Bearish,SELL,🔻 SELL
OSEA.N0000,🛑 Panic Crash,SELL,,kmeans,0.2787123681342182,SELL,classifier,0.3314820916889465,0.278582900762558,0.0547945205479452,0.4383561643835616,0.5068493150684932,73,Bearish,SELL,🔻 SELL
SDB.N0000,🛑 Panic Crash,SELL,,kmeans,0.1454606754847479,SELL,classifier,0.3752497255802154,0.3742991685867309,0.52,0.0,0.48,50,Neutral,HOLD,🔻 SELL
HEXP.N0000,🛑 Panic Crash,SELL,,kmeans,0.11884900666914,SELL,classifier,0.3707634485235401,0.3747347295284271,0.3333333333333333,0.0,0.6666666666666666,51,Neutral,HOLD,🔻 SELL
MEL.N0000,🛑 Panic Crash,SELL,,kmeans,0.2541035154975521,SELL,classifier,0.3693089326222737,0.3671379089355469,0.2666666666666666,0.0,0.7333333333333333,45,Neutral,HOLD,🔻 SELL
HVA.N0000,🛑 Panic Crash,SELL,,kmeans,0.2274929202528486,SELL,classifier,0.3303382724354213,0.2068753391504287,0.2045454545454545,0.1590909090909091,0.6363636363636364,44,Bearish,SELL,🔻 SELL
AGST.X0000,🛑 Panic Crash,SELL,,kmeans,0.137352008767056,SELL,classifier,0.3524505151435733,0.3787144720554352,0.140625,0.1875,0.671875,64,Neutral,HOLD,🔻 SELL
AINS.N0000,🛑 Panic Crash,SELL,,kmeans,0.228626268312169,SELL,classifier,0.3528254140507091,0.3456159830093384,0.0363636363636363,0.0363636363636363,0.9272727272727272,55,Neutral,HOLD,🔻 SELL
DIMO.N0000,🛑 Panic Crash,SELL,,kmeans,0.1538761630163824,SELL,classifier,0.3590358197689056,0.3538493812084198,0.0416666666666666,0.0,0.9583333333333334,48,Neutral,HOLD,🔻 SELL
UBC.N0000,🛑 Panic Crash,SELL,,kmeans,0.2433338732928485,SELL,classifier,0.3522779632698405,0.3475908041000366,0.0363636363636363,0.0363636363636363,0.9272727272727272,55,Neutral,HOLD,🔻 SELL
CONN.N0000,🛑 Panic Crash,SELL,,kmeans,0.1541487166277454,SELL,classifier,0.365707055051276,0.3770785927772522,0.1489361702127659,0.0425531914893617,0.8085106382978723,47,Neutral,HOLD,🔻 SELL
MHDL.N0000,🛑 Panic Crash,SELL,,kmeans,0.2745466223932311,SELL,classifier,0.3679296492144119,0.3680333495140075,0.2558139534883721,0.0697674418604651,0.6744186046511628,43,Neutral,HOLD,🔻 SELL
SINH.N0000,🛑 Panic Crash,SELL,,kmeans,0.344914131736108,SELL,classifier,0.3697997121648355,0.3824233412742615,0.2272727272727272,0.0,0.7727272727272727,44,Neutral,HOLD,🔻 SELL
BFN.N0000,🛑 Panic Crash,SELL,,kmeans,0.1481082422892174,SELL,classifier,0.3678339704489096,0.3590282201766968,0.2307692307692307,0.0,0.7692307692307693,39,Neutral,HOLD,🔻 SELL
ONAL.N0000,🛑 Panic Crash,SELL,,kmeans,0.1341922119535899,SELL,classifier,0.358841911801752,0.3714292049407959,0.2641509433962264,0.1886792452830188,0.5471698113207547,53,Neutral,HOLD,🔻 SELL
UML.N0000,🛑 Panic Crash,SELL,,kmeans,0.4229505252811469,SELL,classifier,0.3379682384431362,0.3061713278293609,0.0666666666666666,0.2166666666666666,0.7166666666666667,60,Neutral,HOLD,🔻 SELL
WIND.N0000,🛑 Panic Crash,SELL,,kmeans,0.2535870101101986,SELL,classifier,0.3412447067037705,0.3445421159267425,0.0161290322580645,0.2580645161290322,0.7258064516129032,62,Neutral,HOLD,🔻 SELL
LGL.N0000,🛑 Panic Crash,SELL,,kmeans,0.3086400908868526,SELL,classifier,0.3557613280686465,0.3450238108634949,0.0909090909090909,0.0909090909090909,0.8181818181818182,55,Neutral,HOLD,🔻 SELL
ALLI.N0000,🛑 Panic Crash,SELL,,kmeans,0.2283984695499968,SELL,classifier,0.3562501049958743,0.3717193305492401,0.0,0.0,1.0,52,Neutral,HOLD,🔻 SELL
HARI.N0000,🛑 Panic Crash,SELL,,kmeans,0.145101195674726,SELL,classifier,0.3489833620728039,0.3489544093608856,0.0,0.1147540983606557,0.8852459016393442,61,Neutral,HOLD,🔻 SELL
COCO.N0000,🛑 Panic Crash,SELL,,kmeans,0.2588177029705117,SELL,classifier,0.367488807247531,0.3604957461357116,0.2903225806451613,0.0,0.7096774193548387,62,Neutral,HOLD,🔻 SELL
GLAS.N0000,🛑 Panic Crash,SELL,,kmeans,0.1347678972104518,SELL,classifier,0.343807926283607,0.3664692938327789,0.0759493670886076,0.3037974683544304,0.620253164556962,79,Neutral,HOLD,🔻 SELL
ETWO.N0000,🛑 Panic Crash,SELL,,kmeans,0.1313007768040543,SELL,classifier,0.3649492934346199,0.3530505001544952,0.03125,0.0,0.96875,32,Neutral,HOLD,🔻 SELL
TAFL.N0000,🛑 Panic Crash,SELL,,kmeans,0.4347513966950982,SELL,classifier,0.35061499894711,0.3523920476436615,0.2280701754385964,0.1578947368421052,0.6140350877192983,57,Neutral,HOLD,🔻 SELL
CINS.N0000,🛑 Panic Crash,SELL,,kmeans,0.2858346658800479,SELL,classifier,0.3592065988164959,0.3595049679279327,0.1515151515151515,0.0606060606060606,0.7878787878787878,33,Neutral,HOLD,🔻 SELL
CARE.N0000,🛑 Panic Crash,SELL,,kmeans,0.1915133537970386,SELL,classifier,0.3518716796086384,0.3570299744606018,0.1153846153846153,0.3076923076923077,0.5769230769230769,52,Neutral,HOLD,🔻 SELL
UCAR.N0000,🛑 Panic Crash,SELL,,kmeans,0.328628588366268,SELL,classifier,0.3640045179375287,0.3743784129619598,0.1551724137931034,0.0172413793103448,0.8275862068965517,58,Neutral,HOLD,🔻 SELL
CFI.N0000,🛑 Panic Crash,SELL,,kmeans,0.2382306282861467,SELL,classifier,0.3667573492194331,0.3686820268630981,0.1395348837209302,0.0,0.8604651162790697,43,Neutral,HOLD,🔻 SELL
CTHR.N0000,🛑 Panic Crash,SELL,,kmeans,0.1980953534331312,SELL,classifier,0.3345892330010732,0.2309636771678924,0.0,0.2121212121212121,0.7878787878787878,33,Neutral,HOLD,🔻 SELL
MAL.N0000,🛑 Panic Crash,SELL,,kmeans,0.0987726834838901,SELL,classifier,0.3447723620467716,0.3104721307754516,0.1111111111111111,0.2777777777777778,0.6111111111111112,18,Neutral,HOLD,🔻 SELL
